IG Handle,Bio,Link in Bio,MD
Asiandabrat,"Made In Dallas,Texas 🇺🇸
King Von & Baby Doll Forever
BookAsianDollToday@gmail.com",https://linktr.ee/AsianDollMusic,"Title: AsianDollMusic - Find @AsianDollMusic Onlyfans - Linktree

URL Source: https://linktr.ee/AsianDollMusic

Markdown Content:
AsianDollMusic - Find @AsianDollMusic Onlyfans - Linktree
===============

A

@AsianDollMusic
===============

Click The Links To Hear All New Released Music That You Can’t Find On YouTube!!
-------------------------------------------------------------------------------

![Image 1](https://ugc.production.linktr.ee/3bb41139-3a6e-464e-a20e-c8f5ad23877a_maxresdefault.jpeg?io=true&size=thumbnail-stack-v1_0)

Asian Doll - Play Your Part (Official Video)

![Image 2](https://ugc.production.linktr.ee/486e1a52-0e12-4496-b9e6-3c2c76711e0d_1200x630wp-60.jpeg?io=true&size=thumbnail-stack-v1_0)

Play Your Part on Apple Music

OnlyFans

### ASIAN DA BRAT MUSIC !!!

![Image 3](https://ugc.production.linktr.ee/5c8eaad8-5d7f-4c91-8de9-a379f1cd012d_maxresdefault.jpeg?io=true&size=thumbnail-stack-v1_0)

Asian Doll - Blood On My Hands (Official Video)

HYPE” OFFICIAL VIDEO

![Image 4](https://ugc.production.linktr.ee/d37e9e0d-1d00-4172-977f-3a0db9e61318_maxresdefault.jpeg?io=true&size=thumbnail-stack-v1_0)

Asian Doll - Get In Wit Me FREESTYLE

![Image 5](https://ugc.production.linktr.ee/b5fca208-54b1-4341-bd92-c9e91787068f_maxresdefault.jpeg?io=true&size=thumbnail-stack-v1_0)

Asian Doll -F\*cked Who (Official Music Video) Directed By 6kJefe

![Image 6](https://ugc.production.linktr.ee/c9b703c3-21c4-4a38-a678-01b8b1696aa9_maxresdefault.jpeg?io=true&size=thumbnail-stack-v1_0)

Love Me (feat. Ekt 40 & 2rare)

![Image 7](https://ugc.production.linktr.ee/38718864-2825-46cf-84e9-b92c0c8c55eb_maxresdefault.jpeg?io=true&size=thumbnail-stack-v1_0)

Asian Doll -F\*cked Who (Official Music Video) Directed By 6kJefe

![Image 8](https://ugc.production.linktr.ee/54cdf6c3-af72-4483-91c9-ca764917fbf3_maxresdefault.jpeg?io=true&size=thumbnail-stack-v1_0)

Asian Doll - Talk My Shit

![Image 9](https://ugc.production.linktr.ee/6ecf1480-e62c-4a8f-b8b0-e517bf7b5acb_maxresdefault.jpeg?io=true&size=thumbnail-stack-v1_0)

Asian Doll -Can't Hang (Official Video)

![Image 10](https://ugc.production.linktr.ee/831f8344-4654-4095-87aa-66e95655da87_maxresdefault.jpeg?io=true&size=thumbnail-stack-v1_0)

Asian Doll - Beef With Me OFFICIAL VIDEO

Cookie preferences

"
moreofb24,@bbayne_24 🌸,weeblondie.co.uk,"Title: My Digital Business Card powered by Slink

URL Source: http://weeblondie.co.uk/

Markdown Content:
![Image 1](https://ik.imagekit.io/slink/tr:n-sensitiveContent/userContent%2FpUuZ0wvfv7dAyaQ7tTJlo7xQywh1%2Fprofile?alt=media&token=89156421-d598-42ae-b8c1-95c429c4531e)
------------------------------------------------------------------------------------------------------------------------------------------------------------------------

Sensitive Content
-----------------

**Wee Blondie** has marked some of their content as sensitive.

"
Lunaroulette,Model and actress / My second account @lunaroulette_real 💕,allmylinks.com/luna-roulette,"Title: Luna Roulette (1 link)

URL Source: http://allmylinks.com/luna-roulette

Markdown Content:
[![Image 1: Profile avatar](https://cdn.allmylinks.com/prod/User/photo/W/x/t/CnMVwW6bPKFAxAbe0l3ihk9fGDhOQnhu.jpg)](http://allmylinks.com/luna-roulette#)

[Luna Roulette @luna-roulette](https://allmylinks.com/luna-roulette)[](https://allmylinks.com/profile/qr?id=263772)

[Luna Roulette @luna-roulette](https://allmylinks.com/luna-roulette)

[Report](https://allmylinks.help/report-form?prefill_fldPZxaU1cWKMdkaH=luna-roulette) [QR](https://allmylinks.com/profile/qr?id=263772)

[Luna Roulette @luna-roulette](https://allmylinks.com/luna-roulette)[](https://allmylinks.com/profile/qr?id=263772)

[Report](https://allmylinks.help/report-form?prefill_fldPZxaU1cWKMdkaH=luna-roulette)

[![Image 2: ALL MY LINKS!!!](https://cdn.allmylinks.com/prod/Site/favicon/o/D/F/9VFqItfv5Z9sGK9VuPfBE9_Ofx9VOefo.png) ![Image 3: ALL MY LINKS!!!](https://cdn.allmylinks.com/prod/Upload/file/7/M/g/axhNZRvNs-8RIQO2xtflZIoGytSLK2i0.png)](https://allmylinks.com/link/out?id=1yc2ijk-2hxot-1w7q3e6 ""https://linktr.ee/LunaRoulette?utm_source=linktree_profile_share"")

[ALL MY LINKS!!! linktr.ee/LunaRoulette](https://allmylinks.com/link/out?id=1yc2ijk-2hxot-1w7q3e6 ""https://linktr.ee/LunaRoulette?utm_source=linktree_profile_share"")

"
imcandylove,your younger stepsis ✨,linktr.ee/candylove,"Title: Candy Love Instagram and Twitter | Links to Onlyfans and PornHub @candylove | Linktree | Linktree

URL Source: http://linktr.ee/candylove

Markdown Content:
Candy Love Instagram and Twitter | Links to Onlyfans and PornHub @candylove | Linktree | Linktree
===============

![Image 1](https://ugc.production.linktr.ee/K9sKh6XpRc28Fzvq330Y_8XnEDc1xMWs0dM4C?io=true&size=avatar-v3_0)

🌺 Candy Love 🌺
================

Hiiii, I'm Candy Love and I want you to fall in love with me
------------------------------------------------------------

vote for my video in a contest 😈 (it's free!) 💖

### Hot stuff 🥵

new halloween video 🖤🧡

![Image 2](https://ugc.production.linktr.ee/Z73WR2HKS3KkL9ewa1vp_b17f53abe49d782ca1433ef7f0d72c9b?io=true&size=thumbnail-stack-v1_0)

my OnlyFans 💦

![Image 3](https://ugc.production.linktr.ee/wevlgHfQhWPPKbfSG5mA_Screenshot_2.png?io=true&size=thumbnail-stack-v1_0)

buy my premium videos 👑 (manyvids)

[![Image 4](https://ugc.production.linktr.ee/wHS61ISShmFVKmHMINmK_uviu.png?io=true&size=thumbnail-stack-v1_0) my new hot videos on UVIU! 💜](https://www.uviu.com/model/candy-love?utm_medium=social&utm_source=linktree&utm_campaign=my+new+hot+videos+on+uviu%21+%F0%9F%92%9C)

![Image 5](https://ugc.production.linktr.ee/E27x0NIWR9iRb43zWcdo_Screenshot_3.png?io=true&size=thumbnail-stack-v1_0)

my pornhub 🧡🖤

### Social Media ✨

[![Image 6](https://ugc.production.linktr.ee/YKLTO0YRdS1xR41115nS_c6afc5c82d59ed4aa9b08f6c333bab8f?io=true&size=thumbnail-stack-v1_0) my NSFW Twitter](https://twitter.com/imcandylove1?utm_medium=social&utm_source=linktree&utm_campaign=my+nsfw+twitter)

[![Image 7](https://ugc.production.linktr.ee/yakCFrRASk6bI0O6sTkb_4435c7d70b178a21af4d5e41841d7fad6?io=true&size=thumbnail-stack-v1_0) my Instagram](https://www.instagram.com/imcandylove/?utm_medium=social&utm_source=linktree&utm_campaign=my+instagram)

### \_\_\_\_\_\_\_\_\_

Business? Let's talk!

[Instagram](https://instagram.com/imcandylove ""Instagram"")[X](https://x.com/imcandylove1 ""X"")

Cookie preferences

"
brooketilli,"Actress | Content Producer | Story Writer
Doing my own thing 🍒🖤
Find more ➡️ @tillibrooke",,
kisankanna_life,"The author of short films.🧡🖤 On the Internet, my name is Kisankanna. 😈Actress and model🐈",linktr.ee/kisankanna,"Title: kisankanna - Find @kisankanna Onlyfans - Linktree

URL Source: http://linktr.ee/kisankanna

Markdown Content:
kisankanna - Find @kisankanna Onlyfans - Linktree
===============

![Image 1](https://ugc.production.linktr.ee/xqyaQdvZSoi9JUpe6AMa_Sh6N3V25AJy5w9vj?io=true&size=avatar-v3_0)

@kisankanna
===========

Your favorite actress!🔞🤗❤️
----------------------------

[Instagram](http://instagram.com/kisankanna_life)

![Image 2](https://ugc.production.linktr.ee/USI2XccQjqpfEJlyERiS_BD759FAE-0C2D-479B-A068-38829F396AF4.jpeg?io=true&size=thumbnail-stack-v1_0)

My OnlyFans

![Image 3](https://ugc.production.linktr.ee/az5bWWw1QGaRtK6egJvq_IMG_2481.jpeg?io=true&size=thumbnail-stack-v1_0)

Fansly.com

[![Image 4](https://ugc.production.linktr.ee/cc955afc-f82e-4202-9a89-e67f609dbdcc_a59f4694-55ca-479b-bb23-35d52a7c4550-maxresdefault.jpeg?io=true&size=thumbnail-stack-v1_0) A trip out of town!](https://youtu.be/aKV6E-8YQz4?si=3rRlzpTNFsoqVBS3)

![Image 5](https://ugc.production.linktr.ee/0K4m7ZaVQLSpoGeOlz8g_C6642D23-0DE9-46CC-95F0-40EC47289487.jpeg?io=true&size=thumbnail-stack-v1_0)

My twitter ❤️

[Do you want to watch my YouTube?](https://www.youtube.com/channel/UCnfdYK6EAfZsztwzQ_-PQ0A)

[X](https://x.com/kisankanna1 ""X"")

[![Image 6](https://assets.production.linktr.ee/profiles/_next/static/images/logo-29f00da23313309aa91393cf875f82b5.svg)](http://linktr.ee/)

Cookie preferences

"
ellyclutchh,"Just a girl. :)
Google me!
",,
emaribeiro0,,linktr.ee/Emaribeiro0,"Title: Emaribeiro0 - Find @Emaribeiro0 Onlyfans - Linktree

URL Source: http://linktr.ee/Emaribeiro0

Markdown Content:
![Image 1](https://ugc.production.linktr.ee/27578ec9-e7a8-4d8a-8c71-fcdd091d6144_IMG-20240812-120611-052.jpeg?io=true&size=avatar-v3_0)

💟Bienvenidos💟
---------------

[![Image 2](https://ugc.production.linktr.ee/ae9f598a-a1f7-480b-9296-bd461d43ca47_logotipo-instagram-1045-436.jpeg?io=true&size=thumbnail-stack-v1_0) Check out my Instagram](https://www.instagram.com/emaribeiro0?igsh=MW9teGJzMjlrdmQwNQ==)

[![Image 3](https://ugc.production.linktr.ee/cb533297-331f-4ba1-9f4f-519966f71977_telegram.jpeg?io=true&size=thumbnail-stack-v1_0) Telegram](https://t.me/emaribeiro)

"
luxuuryslut,"Model 💓😋
👇👇👇",linktr.ee/luxuryslut,"Title: @luxuryslut | Linktree

URL Source: http://linktr.ee/luxuryslut

Markdown Content:
![Image 1](https://ugc.production.linktr.ee/2y4ZJifnQACKFAeAFDdW_PNhfthv8ml17N3tH?io=true&size=avatar-v3_0)

[TonPlace](https://ton.place/u/luxuryslut)

"
martinasmeraldiofficial,"🇮🇹Made in Italy
@onlysmeraldi
Email: martinasmeraldiinfo@gmail.com
",ranking.bio/martinasmeraldi,"Title: Martina Smeraldi Onlyfans, Free, Download, Videos, Pics &

URL Source: http://ranking.bio/martinasmeraldi

Markdown Content:
Martina Smeraldi Onlyfans, Free, Download, Videos, Pics &
=============== 

![Image 1: Martina Smeraldi - Official Page](https://www.ranking.bio/cdn-cgi/image/width=880,format=webp//assets/storage/martinaesmeraldi_header_66f3f0ac2a05f.png)

 [![Image 2: Martina Smeraldi Official](https://www.ranking.bio/assets/img/logos/rankingbio.svg)](http://ranking.bio/)[🌟 10](http://ranking.bio/en/ranking#10 ""Ranking #10"")

![Image 3: Martina Smeraldi Photo](https://www.ranking.bio/cdn-cgi/image/width=480,format=webp//assets/storage/martinaesmeraldi_avatar_66f3f0a6e7219.png)

Martina Smeraldi  
[@Martinasmeraldi](http://ranking.bio/Martinasmeraldi) ![Image 4: Verified Account](http://ranking.bio/assets/img/icons/Badge.svg) 
======================================================================================================================================================

Subscribe

##### Subscribe to Martina Smeraldi

×

![Image 5: Martina Smeraldi Photo](https://www.ranking.bio/cdn-cgi/image/width=480,format=webp//assets/storage/martinaesmeraldi_avatar_66f3f0a6e7219.png)

Sign up to get exclusive email updates directly from me.

##### Share Martina Smeraldi's Ranking.bio

×

ranking.bio/martinasmeraldi

[Share on Facebook](https://www.facebook.com/sharer/sharer.php?u=https://www.ranking.bio/martinasmeraldi)

[Share on Twitter](https://x.com/intent/tweet?url=https://www.ranking.bio/martinasmeraldi)

[Share via WhatsApp](https://api.whatsapp.com/send?text=https://www.ranking.bio/martinasmeraldi)

[Share via Telegram](https://t.me/share/url?url=https://www.ranking.bio/martinasmeraldi)

[Share via Messenger](https://www.messenger.com/new?u=https://www.ranking.bio/martinasmeraldi)

[Share via Email](mailto:?subject=CheckoutthisRanking.biopage!&body=CheckoutthisRanking.biopage!-https://www.ranking.bio/martinasmeraldi)

[Embed HTML](http://ranking.bio/martinasmeraldi#)

Insert this code in your website:

Made in Italy 🇮🇹  
Model & Pornstar  
Squirt addict 💦  
Anal lover 😈  
I enjoy a lot chatting with my fans from all around the world💙 Text me by DM I reply all messages🫦

Milano

![Image 6: QR Martinasmeraldi](http://ranking.bio/assets/qr/martinasmeraldi.png)

*   [Anal](http://ranking.bio/en/anal ""OnlyFans Anal"")
*   [Squirting](http://ranking.bio/en/squirt ""OnlyFans Squirting"")
*   [Pornstar](http://ranking.bio/en/pornstar ""OnlyFans Pornstar"")
*   [Italy](http://ranking.bio/en/italian ""OnlyFans Italy"")

"
camistrella,“You look familiar” (I know),getallmylinks.com/camistrella,"Title: GetAllMyLinks - Cami Strella

URL Source: http://getallmylinks.com/camistrella

Markdown Content:
GetAllMyLinks - Cami Strella
===============             

![Image 1: Cami Strella](http://getallmylinks.com/cdn-cgi/image/w=256,h=256,q=90,fit=cover,f=auto,onerror=redirect/https://images.getallmylinks.com/pictures/dsc09857-66c213b0a6151551053910.jpeg)

Cami Strella
============

130+ Free Full Videos at Link Below ↓↓↓

🕒 Reply in 5 mins

[](https://www.instagram.com/camistrella)[](https://www.tiktok.com/@thecamistrella)[](https://www.snapchat.com/add/camistrellaxo)

[OnlyFans (130+ Free Videos)](https://onlyfans.com/camistrella) [Buy My Panties](https://fansutopia.com/collections/camistrella) [Wishlist](https://throne.com/camistrella) [ManyVids](https://www.manyvids.com/Profile/1005739850/camistrella/Store/Videos) [The Hub🧡🖤](https://www.pornhub.com/pornstar/cami-strella)

130+ free videos on VIP ends in

hrs  mins  secs

©  2024 [GetAllMyLinks.com](https://getallmylinks.com/)

"